source,gold
Its my birthday tomorrow.,It’s my birthday tomorrow.
The goal of occupational safety and health program are to foster safe and healthy work environment.,The goal of an occupational safety and health program is to foster a safe and healthy work environment.
The research and regulation to occupation safety and health is a relative recent phenomenon.,The research and regulation of occupational safety and health are a relatively recent phenomenon.
Have you stop beating you wife?,Have you stopped beating your wife?
Does the state have the right to censor pronography or restrict tobacco advertising?,Does the state have the right to censor pornography or restrict tobacco advertising?
The commission sparked public outrage resulted on the Mines Act in 1842.,The commission sparked public outrage which resulted in the Mines Act of 1842.
"This fallow period is shortened if population density grows, require the input of nutrient and some manual pest control.","This fallow period is shortened if population density grows, requiring the input of nutrients and some manual pest control."
"Non-meat animals, such as millk cows and egg-producing chickens, also shown significance production increases. ","Non-meat animals, such as milk cows and egg-producing chickens, also showed significant production increases. "
"These system is particularly important in areas where crop production is not feasibly because climate or soil, representing 30–40 million pastoralist.","This system is particularly important in areas where crop production is not feasible because of climate or soil, representing 30–40 million pastoralists."
"Althoughy there have been periodic initiatives to revive they use, but airships see only niche application since that time. ","Although there have been periodic initiatives to revive their use, airships have seen only niche application since that time. "
Jean-Pierre Blanchard fly the first human-powered dirigible in 1784 and crossed the English Channel at one in 1785.,Jean-Pierre Blanchard flew the first human-powered dirigible in 1784 and crossed the English Channel in one in 1785.
"By the begin of WOWII, many towns and cities had built airports, and there is numerous qualifying pilots available.","By the beginning of World War II, many towns and cities had built airports, and there were numerous qualified pilots available."
"From the 1960s composite material airframes and quieter, more efficient engines have became available, and Concorde provided supersonic passanger service for more than two decades, but the most important lasting innovations have taken place to instrumentation and control.","Since the 1960s composite material airframes and quieter, more efficient engines have become available, and Concorde provided supersonic passenger service for more than two decades, but the most important lasting innovations have taken place in instrumentation and control."
"Aviation safety mean the state of a aviation system or organization in which risks associated by aviation activities, related to, or in direct support for the operation of aircraft, are reduced and controlled to a acceptable level.","Aviation safety means the state of an aviation system or organization in which risks associated with aviation activities, related to, or in direct support of the operation of aircraft, are reduced and controlled to an acceptable level."
"In additional, there are environmental impacts specify to aviation.","In addition, there are environmental impacts specific to aviation."
"Even white light might be create using individual red, green and blue LEDs, it results in poor color rendering, since only three narrow bands of wavelengths of light are being emitted","Even though white light can be created using individual red, green and blue LEDs, this results in poor color rendering, since only three narrow bands of wavelengths of light are being emitted"
The reason be that marriages make particularly men become more future-oriented and take the economic and other responsibility of family.,The reason may be that marriages make particularly men become more future-oriented and take an economic and other responsibility of the family.
"He call their oxidizing rays to emphasize chemical reactivity and distinguishing they from heat rays, discovered the previous year at the other end of a visible spectrum.","He called them oxidizing rays to emphasize chemical reactivity and to distinguish them from heat rays, discovered the previous year at the other end of the visible spectrum."
By 1903 it is known most effective wavelengths were around 250 nm.,By 1903 it was known the most effective wavelengths were around 250 nm.
"Both UVA and UVB destroy vitamin A in skin, can cause further damaging.","Both UVA and UVB destroy vitamin A in skin, which may cause further damage."
The amount of UV light produced by Sun means that Earth would not be able to sustain life on dry land if most of that light not filtered ous by the almosphere.,The amount of UV light produced by the Sun means that the Earth would not be able to sustain life on dry land if most of that light were not filtered out by the atmosphere.
"In the electronic level, absorption in the ultraviolet and visible portions of the spectrum depends on the electron orbital are spaced such that they can absorb an quantum of light of a specific frequencies, and does not violate selection rules.","At the electronic level, absorption in the ultraviolet and visible portions of the spectrum depends on if the electron orbitals are spaced such that they can absorb a quantum of light of a specific frequency, and does not violate selection rules."
Computer modeling of light transmission throught translucent ceramic alumina has shown microscopic pore trapped near grain boundaries act at primary scattering centers.,Computer modeling of light transmission through translucent ceramic alumina has shown that microscopic pores trapped near grain boundaries act as primary scattering centers.
The states in different material vary in the range from energy that they can absorb.,The states in different materials vary in the range of energy that they can absorb.
The attenuation of light of all frequency and wavelengths is due combined mechanisms of absorption and scattering.,The attenuation of light of all frequencies and wavelengths is due to the combined mechanisms of absorption and scattering.
In the fruit fly insulin both regulate blood sugar as well acting as an growth factor. ,In the fruit fly insulin both regulates blood sugar as well as acting as a growth factor. 
"The second phase to synthesizing tryptophan itself from the 5-hydroxytryptophan intermediate would require adding ethanol and water, and letting sit for 30 days this time.","The second phase to synthesizing tryptophan itself from the 5-hydroxytryptophan intermediate would require adding ethanol and water, and letting sit for 30 days this time."
"The brain uses significantly less energy during sleep than this does when awoke, especially during non-REM sleep.","The brain uses significantly less energy during sleep than it does when awake, especially during non-REM sleep."
Conversely he or she can have difficulty waking up in the trough of the cycle.,Conversely they can have difficulty waking up in the trough of the cycle.
"The human physically organism restores itself during sleep, healing theirself and removing metabolic wastes which builds during periods of activity.","The human organism physically restores itself during sleep, healing itself and removing metabolic wastes which build up during periods of activity."
Many of Shakespeare play were published in editions of varying quality and accuracy in his lifetime.,Many of Shakespeare's plays were published in editions of varying quality and accuracy in his lifetime.
"Throughout 20th and 21st century, Shakespeare's works have been continually adapted and rediscovered with new movements in scholarship and performance.","Throughout the 20th and 21st centuries, Shakespeare's works have been continually adapted and rediscovered by new movements in scholarship and performance."
It is not so really clear for which companies Shakespeare wrote this early plays.,It is not clear for which companies Shakespeare wrote his early plays.
"The Romantic poets attempted revive Shakespearean verse drama, though with a little success.","The Romantic poets attempted to revive Shakespearean verse drama, though with little success."
"Some commentators have seen this change on mood as evidence of an more serene view of life on Shakespeare's part, but it may merely reflect the theatrical fashion on the day.","Some commentators have seen this change in mood as evidence of a more serene view of life on Shakespeare's part, but it may merely reflect the theatrical fashion of the day."
"In 1593 an 1594, when the threatres were closed because by plague, Shakespeare publish two narrative poem on sexual themes, Venus and Adonis and The Rape of Lucrece.","In 1593 and 1594, when the theatres were closed because of plague, Shakespeare published two narrative poems on sexual themes, Venus and Adonis and The Rape of Lucrece."
This decision are based on the factors analyzed in a planning stage as well as where the product is in the product live cycle.,This decision is based on the factors analyzed in the planning stage as well as where the product is in the product life cycle.
"To stimulate the growth of sale, use for advertising may be high, in other to heightening awareness of the product in question. ","To stimulate the growth of sales, use of advertising may be high, in order to heighten awareness of the product in question. "
"Viral marketing can be greatly facilitated by social medium and if successful, allows key marketing messages and content in reaching large number of target audience within a short time frame.","Viral marketing can be greatly facilitated by social media and if successful, allows key marketing messages and content in reaching a large number of target audiences within a short time frame."
C2C marketing represents a market envirnment where one customer purchase good from another customer using a third-party business or platform to facilitate transaction.,C2C marketing represents a market environment where one customer purchases goods from another customer using a third-party business or platform to facilitate the transaction.
He concluded there is fourteen different types of cubics that cannot be reduced to a equation of a less degree.,He concluded that there are fourteen different types of cubics that cannot be reduced to an equation of a lesser degree.
"I did not observe that he had any great belief of astrological predictions, nor I have seen or heard from any of the great scientists who had such belief.","I did not observe that he had any great belief in astrological predictions, nor have I seen or heard of any of the great scientists who had such belief."
Premise of PMI is that the tools and technique of project management are common even amon the widespead application of projects from a software industry to the construction industry.,The premise of PMI is that the tools and techniques of project management are common even among the widespread application of projects from the software industry to the construction industry.
Ballet is a collaboration art form.,Ballet is a collaborative art form.
The musical assistant explain developments of musical research and translates artistic ideas into programming languages.,The musical assistant explains developments in musical research and translates artistic ideas into programming languages.
"Examples of products created by mean of commons-based peer production include Linux, an computer operating system","Examples of products created by means of commons-based peer production include Linux, a computer operating system"
"Wikipedia is a example o a collaborative editing project on a large scale, which can be both good and bad, because of the large contributions from the public, Wikipedia has one of the widest ranges for material in the world. ","Wikipedia is an example of a collaborative editing project on a large scale, which can be both good and bad. Because of the large contributions by the public, Wikipedia has one of the widest ranges of material in the world. "
"The typing might be organized by divides the write into sub-tasks assigned to each group member, with the part first of the tasks done before the next parts, or he or she might work together on each tasks.","The typing might be organized by dividing the writing into sub-tasks assigned to each group member, with the first part of the tasks done before the next parts, or they might work together on each task."
"Such asynchronous contributions are very efficient in the current time, as group members need not to assemble order to work together.","Such asynchronous contributions are very efficient in time, as group members need not assemble in order to work together."
That is increasing amount of research literature investigating how a collaborative writing can improve learning experiences.,There is increasing amount of research literature investigating how collaborative writing can improve learning experiences.
"At first, the designers of word processing systems combines existing technologies with emerging ones to develop stand-alone equipment, created a new business distinct to the emerging world of the personally computer.","At first, the designers of word processing systems combined existing technologies with emerging ones to develop stand-alone equipment, creating a new business distinct from the emerging world of the personal computer."
Word processors do not develop out computer technolology.,Word processors did not develop out of computer technology.
"Word processing systems would create a lot much more complex and capable text were develop and prices begam to fall, making them more accessibly to the public.","Word processing systems that would create much more complex and capable text were developed and prices began to fall, making them more accessible to the public."
"A demand for new and interesting fonts, which can be found the free of copyright restrictions, or commissioned from font designers, occurred. ","A demand for new and interesting fonts, which can be found free of copyright restrictions, or commissioned from font designers, occurred. "
"Five of this amphora were designated is originating from the king personal estate, with the sixth from the estate from the royal house of Aten.","Five of these amphoras were designated as originating from the king's personal estate, with the sixth from the estate of the royal house of Aten."
Both of it regions eventually evolved into American wine's oldest and largest wine producrs respectively.,Both of these regions eventually evolved into American wine's oldest and largest wine producers respectively.
"Wine must also be made from other species of grape or from hybrids, created by the genetical crossing of two specie.","Wine can also be made from other species of grape or from hybrids, created by the genetic crossing of two species."
Some blended wine names are marketing terms whose use is governed by trademark law rather than by specific wine laws.,Some blended wine names are marketing terms whose use is governed by trademark law rather than by specific wine laws.
"Western cultures are associated width auditory experiences concerning religious content, frequently related for sin.","Western cultures are associated with auditory experiences concerning religious content, frequently related to sin."
An delusion is commonly defined as an unrelenting sense of certainty maintained despite of strong contradictroy evidence.,A delusion is commonly defined as an unrelenting sense of certainty maintained despite strong contradictory evidence.
A other type of catatonia is more of an outward presentation of the profoundly agitated state described from above.,The other type of catatonia is more of an outward presentation of the profoundly agitated state described above.
"It involves excessive and purposeless motor behaviour, as well as extreme mental preoccupation that prevents an intact experiences of reality.","It involves excessive and purposeless motor behaviour, as well as extreme mental preoccupation that prevents an intact experience of reality."
"Alogia are characterized by a lack of speech, often causing by an disruption of the throught process.","Alogia is characterized by a lack of speech, often caused by a disruption in the thought process."
"Apart with the lacks of content in a reply, the manner in which the person delivered the reply is affected as well.","Apart from the lack of content in a reply, the manner in which the person delivers the reply is affected as well."
Studies have showed a correlation between alogic ratings in individuals and amount and duration of pauses in they speech when responding to a series of questions posed from the researcher.,Studies have shown a correlation between alogic ratings in individuals and the amount and duration of pauses in their speech when responding to a series of questions posed by the researcher.
"Spech vague, conveys little information, but is not grossly incoherent and the amount of speech is not reduced.","Speech is vague, conveys little information, but is not grossly incoherent and the amount of speech is not reduced."
"They was found self-esteem is related to the conectivity of frontostriatal circuits, suggesting that feelings of self-worth will emerge from neural systems which integrates information about the self with positive affect and reward.","It was found that self-esteem is related to the connectivity of frontostriatal circuits, suggesting that feelings of self-worth may emerge from neural systems which integrate information about the self with positive affect and reward."
"This circuit is important executive functions including complex problem solving, learn new information, planning ahead, recalling remote memories, responding to appropriate behavior, and chronological ordering by event.","This circuit is important in executive functions including complex problem solving, learning new information, planning ahead, recalling remote memories, responding with appropriate behavior, and chronological ordering of events."
These five circuits share the same anatomical structures.,These five circuits share same anatomical structures.
"Also, there're open connections to these circuits integrating informatin from other areas of the brain.","Also, there are open connections to these circuits integrating information from other areas of the brain."
Respect from others was believed to be more fragile and lost easily than inner self-esteem.,Respect from others was believed to be more fragile and easily lost than inner self-esteem.
Modern theories of self-esteem explore the reasons humans were motivated to maintain a high regard for they.,Modern theories of self-esteem explore the reasons humans are motivated to maintain a high regard for themselves.
"According with Terror Management Theory, self-esteem serves a protective function and reduce anxiety about life and death.","According to Terror Management Theory, self-esteem serves a protective function and reduces anxiety about life and death."
"Thus, it affects the way we are and acts in world and the way we are related to everybody else.","Thus, it affects the way we are and acts in the world and the way we are related to everybody else."
Experiences in a person life are a major source of how would that be the self-esteem develops.,Experiences in a person's life are a major source of how self-esteem develops.
"In the early years of a child's lives, parents have a significant influence on self-esteem and can be considered the main source from positive and negative experiences a children will have.","In the early years of a child's life, parents have a significant influence on self-esteem and can be considered the main source of positive and negative experiences a child will have."
A decrease is being seen from middle age to old age with varying findings on they is a small or large decrease.,A decrease is seen from middle age to old age with varying findings on if it is a small or large decrease.
Multiple cohort studies show there are not an difference in the life-span trajectory of self-esteem between generations due to societal changes such grade inflation in education or the presence from social media.,Multiple cohort studies show that there is not a difference in the life-span trajectory of self-esteem between generations due to societal changes such as grade inflation in education or the presence of social media.
Families with higher and expendable income can acumulate wealth and focus in meeting immediate needs while be able consume and enjoy luxuries and weather crise.,Families with higher and expendable income can accumulate wealth and focus on meeting immediate needs while being able to consume and enjoy luxuries and weather crises.
These types of discrimination feed into the some other reasons why African Americans ends up have different starting points and therefore fewer assets.,These types of discrimination feed into the other reasons why African Americans end up having different starting points and therefore fewer assets.
Parents with an low socioeconomic status cannot afford to many of the health care resources which be the reason that their children may have a more advanced illness because of the lack to treatment.,Parents with a low socioeconomic status cannot afford many of the health care resources which is the reason that their children may have a more advanced illness because of the lack of treatment.
"This would lead to greater feelings of independent, making individuals of high SES less inclined to gain rapport with conversational partners because they are less likely to need their assistance in future.","This may lead to greater feelings of independence, making individuals of high SES less inclined to gain rapport with conversational partners because they are less likely to need their assistance in the future."
"On contrast, increasing rates of obesity in a societal level are felt to be due to an easily assessible and palatable diet, increased reliance of cars, and mechanized manufacturing.","In contrast, increasing rates of obesity at a societal level are felt to be due to an easily accessible and palatable diet, increased reliance on cars, and mechanized manufacturing."
"During the same period, an increase occurred on the average amount of food energy consume.","During the same period, an increase occurred in the average amount of food energy consumed."
"It is thought in the developed countries, the wealthy are able to afford more nutritious food, they are under greater social pressure to remain slim, and have more opportunity alongside with greater expectations for physical fitness.","It is thought that in developed countries, the wealthy are able to afford more nutritious food. They are under greater social pressure to remain slim, and have more opportunities along with greater expectations for physical fitness."
Even shorts sleep does increase weight gain it is unclear this is to a meaningful degrees or increasing sleep would been of benefit.,Even if shorts sleep does increase weight gain it is unclear if this is to a meaningful degree or increasing sleep would be of benefit.
Certain aspects of personality are associated to being obese.,Certain aspects of personality are associated with being obese.
Yet academia study of loneliness was sparse until late twentieth centary.,Yet academic study of loneliness was sparse until the late twentieth century.
"Chronic loneliness on the other hands is widely considered to be harmful, with numerous reviews and meta-studies concluding they is a significant risk factor for poor mental and physical health outcomes. ","Chronic loneliness on the other hand is widely considered harmful, with numerous reviews and meta-studies concluding it is a significant risk factor for poor mental and physical health outcomes. "
The loneliness that triggers suicidal tendencies impact all facet of society. ,The loneliness that triggers suicidal tendencies impacts all facets of society. 
"Nostalgia has also been found to have a restoative effect, counteracting loneliness by increasing perceived social support.","Nostalgia has also been found to have a restorative effect, counteracting loneliness by increasing perceived social support."
"Although nostalgia am often triggered by negative feelings, but its results in increasing the one's mood and heightening positive emotions, which can stem via feelings of warmth or coping resulting from nostalgic reflections.","Although nostalgia is often triggered by negative feelings, it results in increasing one's mood and heightening positive emotions, which can stem from feelings of warmth or coping resulting from nostalgic reflections."
"Additionally, in second study conducted, some participant were exposed from nostalgic engagement and reflection while a other group was not.","Additionally, in a second study conducted, some participants were exposed to nostalgic engagement and reflection while the other group was not."
"Thirdly, the researchers find that threatened meaning can even act as a triger for nostalgia, thus increasing one's nostalgic reflections.","Thirdly, the researchers found that threatened meaning can even act as a trigger for nostalgia, thus increasing one's nostalgic reflections."
"In a 2014 study conduct by Routledge, he and a team observed that the more people reported have major disruptions and uncertainties in they lives, the more their nostalgically longed for the past.","In a 2014 study conducted by Routledge, he and a team observed that the more people reported having major disruptions and uncertainties in their lives, the more they nostalgically longed for the past."
"Aesthetics, a non very tidy intellectual discipline, is a heterogeneous collection of problems that concern an arts primarily but also relate about nature.","Aesthetics, a not very tidy intellectual discipline, is a heterogeneous collection of problems that concern the arts primarily but also relate to nature."
It's what a thing means or symbolizes to us that is often what we are judging.,It is what a thing means or symbolizes for us that is often what we are judging.
"For instant, the source of a painting's beauty has a different characters to that of beautiful music, suggesting his or her aesthetics differ in kind.","For instance, the source of a painting's beauty has a different character to that of beautiful music, suggesting their aesthetics differ in kind."
"Another very concrete example describes a aesthetical pleasing human face whose proportion can be described by very a few bits of information, drawn inspiration from less detailed 15th century proportion studies by Leonardo da Vinci and Albrecht Dürer.","Another very concrete example describes an aesthetically pleasing human face whose proportions can be described by very few bits of information, drawing inspiration from less detailed 15th century proportion studies by Leonardo da Vinci and Albrecht Dürer."
Each presents perspectives that widely shared by published scholars.,Each presents perspectives that are widely shared by published scholars.
Much modern theorists have stated that this ideal cannot be achieved without analysing additional factors.,Many modern theorists have stated that this ideal cannot be achieved without analysing additional factors.
"Amongst the assortment of perspectives commonly regard as coherence theory, theorists differ on question of whether coherence entails many possible ture systems of thought or only a single absolute system. ","Among the assortment of perspectives commonly regarded as coherence theory, theorists differ on the question of whether coherence entails many possible true systems of thought or only a single absolute system. "
"Consensus theory held that truth is whatever is agreed upon, or in some versions, might come to be agreed upon, by some specified group.","Consensus theory holds that truth is whatever is agreed upon, or in some versions, might come to be agreed upon, by some specified group."
It sometimes hard to find out one has this disease.,It is sometimes hard to find out if one has this disease.
In 1840 a Royal Commission published its findings on an state in conditions for the workers of the mining industry that documented appallingly the dangerous environment they had to work on and the high frequency of accidents.,In 1840 a Royal Commission published its findings on the state of conditions for the workers of the mining industry that documented the appallingly dangerous environment that they had to work in and the high frequency of accidents.
"As labor movements arose in response to workers concerns in the wake of the industrial revolution, worker's health entered consideration as a labor-related issue.","As labor movements arose in response to worker concerns in the wake of the industrial revolution, worker's health entered consideration as a labor-related issue."
